shelf_id,dwell_time
shelf_4,6.538461538461539
shelf_5,6.461538461538462
shelf_6,4.207692307692308
shelf_9,1.2923076923076924
shelf_1,1.1240694789081886
shelf_2,0.9230769230769231
shelf_8,0.44816053511705684
shelf_3,0.3205128205128205
